gsfc_id,is_succeed,is_dropped,src_vsg,dst_vsg,vnf_sequence,satellite_path,processed_satellite_path,hop_count,propagation_delay_ms,processing_delay_ms,queueing_delay_ms,transmission_delay_ms,e2e_delay_ms
0,True,False,0,12,"['2', '2', '2', '2', '1']","[[18, 'src'], [19, None], [20, None], [21, None], [32, 'vnf2'], [32, 'vnf2'], [32, 'vnf2'], [32, 'vnf2'], [21, None], [10, None], [9, None], [8, None], [7, 'vnf1'], [8, None], [9, None], [10, None], [0, None], [1, None], [2, None], [3, None], [4, None], [15, None], [26, None], [25, None], [36, 'dst']]","[[18, 'src'], [19, None], [20, None], [21, None], [32, 'vnf2'], [32, 'vnf2'], [32, 'vnf2'], [32, 'vnf2'], [21, None], [10, None], [9, None], [8, None], [7, 'vnf1'], [8, None], [9, None], [10, None], [0, None], [1, None], [2, None], [3, None], [4, None], [15, None], [26, None], [25, None], [36, 'dst']]",0,214.96214138244548,5,2,21,242.96214138244548
1,True,False,4,6,"['2', '2', '1', '1', '1']","[[65, 'src'], [10, None], [9, None], [8, None], [19, None], [20, None], [21, None], [32, 'vnf2'], [32, 'vnf2'], [21, None], [10, None], [9, None], [8, None], [7, 'vnf1'], [7, 'vnf1'], [7, 'vnf1'], [8, None], [19, None], [30, None], [29, None], [28, None], [27, 'dst']]","[[65, 'src'], [10, None], [9, None], [8, None], [19, None], [20, None], [21, None], [32, 'vnf2'], [32, 'vnf2'], [21, None], [10, None], [9, None], [8, None], [7, 'vnf1'], [7, 'vnf1'], [7, 'vnf1'], [8, None], [19, None], [30, None], [29, None], [28, None], [27, 'dst']]",0,178.0217699194895,5,1,18,202.0217699194895
2,True,False,6,3,"['2', '2', '1', '2', '1']","[[22, 'src'], [32, 'vnf2'], [32, 'vnf2'], [21, None], [10, None], [9, None], [8, None], [7, 'vnf1'], [8, None], [9, None], [10, None], [21, None], [32, 'vnf2'], [21, None], [10, None], [9, None], [8, None], [7, 'vnf1'], [8, None], [63, None], [52, None], [53, 'dst']]","[[22, 'src'], [32, 'vnf2'], [32, 'vnf2'], [21, None], [10, None], [9, None], [8, None], [7, 'vnf1'], [8, None], [9, None], [10, None], [21, None], [32, 'vnf2'], [21, None], [10, None], [9, None], [8, None], [7, 'vnf1'], [8, None], [63, None], [52, None], [53, 'dst']]",0,202.7474296092891,5,10,20,237.7474296092891
3,True,False,12,9,"['2', '1', '1', '2', '1']","[[34, ('src', 'vnf2')], [33, 'vnf1'], [33, 'vnf1'], [43, 'vnf2'], [54, 'vnf1'], [53, None], [52, None], [51, None], [62, None], [63, None], [64, None], [65, None], [55, 'dst']]","[[34, ('src', 'vnf2')], [33, 'vnf1'], [33, 'vnf1'], [43, 'vnf2'], [54, 'vnf1'], [53, None], [52, None], [51, None], [62, None], [63, None], [64, None], [65, None], [55, 'dst']]",0,134.3591574473923,5,1,11,151.3591574473923
4,True,False,13,14,"['2', '1', '2', '2', '2']","[[48, ('src', 'vnf2')], [47, None], [46, None], [45, None], [44, None], [54, 'vnf1'], [43, 'vnf2'], [43, 'vnf2'], [43, 'vnf2'], [33, None], [34, None], [35, None], [36, None], [37, None], [36, None], [35, None], [46, None], [47, None], [48, None], [59, 'dst']]","[[48, ('src', 'vnf2')], [47, None], [46, None], [45, None], [44, None], [54, 'vnf1'], [43, 'vnf2'], [43, 'vnf2'], [43, 'vnf2'], [33, None], [34, None], [35, None], [36, None], [37, None], [36, None], [35, None], [46, None], [47, None], [48, None], [59, 'dst']]",0,180.8346444580325,5,1,17,203.8346444580325
5,True,False,2,4,"['1', '1', '1', '1', '2']","[[41, 'src'], [42, None], [43, None], [54, 'vnf1'], [54, 'vnf1'], [54, 'vnf1'], [54, 'vnf1'], [43, 'vnf2'], [42, None], [41, None], [52, None], [53, None], [54, None], [65, 'dst']]","[[41, 'src'], [42, None], [43, None], [54, 'vnf1'], [54, 'vnf1'], [54, 'vnf1'], [54, 'vnf1'], [43, 'vnf2'], [42, None], [41, None], [52, None], [53, None], [54, None], [65, 'dst']]",0,97.55667797080449,5,0,10,112.55667797080449
6,True,False,0,13,"['1', '2', '2', '1', '2']","[[7, ('src', 'vnf1')], [8, None], [9, None], [10, None], [21, None], [32, 'vnf2'], [32, 'vnf2'], [21, None], [10, None], [9, None], [8, None], [7, 'vnf1'], [8, None], [9, None], [10, None], [21, None], [32, 'vnf2'], [22, None], [23, None], [24, None], [23, None], [34, None], [35, None], [36, None], [47, 'dst']]","[[7, ('src', 'vnf1')], [8, None], [9, None], [10, None], [21, None], [32, 'vnf2'], [32, 'vnf2'], [21, None], [10, None], [9, None], [8, None], [7, 'vnf1'], [8, None], [9, None], [10, None], [21, None], [32, 'vnf2'], [22, None], [23, None], [24, None], [23, None], [34, None], [35, None], [36, None], [47, 'dst']]",0,269.95361775951017,5,4,23,301.95361775951017
7,True,False,4,1,"['1', '1', '1', '2', '2']","[[62, ('src', 'vnf1')], [62, 'vnf1'], [62, 'vnf1'], [7, None], [8, None], [9, None], [10, None], [21, None], [32, 'vnf2'], [32, ('dst', 'vnf2')]]","[[62, ('src', 'vnf1')], [62, 'vnf1'], [62, 'vnf1'], [7, None], [8, None], [9, None], [10, None], [21, None], [32, 'vnf2'], [32, ('dst', 'vnf2')]]",0,65.79794770764694,5,2,6,78.79794770764694
8,True,False,7,4,"['1', '1', '2', '1', '2']","[[33, ('src', 'vnf1')], [33, 'vnf1'], [43, 'vnf2'], [54, 'vnf1'], [43, 'vnf2'], [54, None], [53, None], [52, None], [63, 'dst']]","[[33, ('src', 'vnf1')], [33, 'vnf1'], [43, 'vnf2'], [54, 'vnf1'], [43, 'vnf2'], [54, None], [53, None], [52, None], [63, 'dst']]",0,83.93958481923421,5,12,7,107.93958481923421
9,True,False,13,9,"['1', '2', '2', '2', '1']","[[47, 'src'], [46, None], [45, None], [44, None], [54, 'vnf1'], [43, 'vnf2'], [43, 'vnf2'], [43, 'vnf2'], [54, 'vnf1'], [53, None], [52, None], [51, None], [62, None], [61, 'dst']]","[[47, 'src'], [46, None], [45, None], [44, None], [54, 'vnf1'], [43, 'vnf2'], [43, 'vnf2'], [43, 'vnf2'], [54, 'vnf1'], [53, None], [52, None], [51, None], [62, None], [61, 'dst']]",0,139.09405248270016,5,14,11,169.09405248270016
10,True,False,8,14,"['1', '2', '1', '2', '2']","[[50, 'src'], [51, None], [52, None], [53, None], [54, 'vnf1'], [43, 'vnf2'], [54, 'vnf1'], [43, 'vnf2'], [43, 'vnf2'], [33, None], [34, None], [35, None], [36, None], [37, None], [48, None], [59, 'dst']]","[[50, 'src'], [51, None], [52, None], [53, None], [54, 'vnf1'], [43, 'vnf2'], [54, 'vnf1'], [43, 'vnf2'], [43, 'vnf2'], [33, None], [34, None], [35, None], [36, None], [37, None], [48, None], [59, 'dst']]",0,172.500227115054,5,6,14,197.500227115054
11,True,False,7,4,"['2', '1', '1', '1', '2']","[[33, 'src'], [43, 'vnf2'], [54, 'vnf1'], [54, 'vnf1'], [54, 'vnf1'], [43, 'vnf2'], [42, None], [41, None], [40, None], [51, None], [52, None], [53, None], [54, None], [65, 'dst']]","[[33, 'src'], [43, 'vnf2'], [54, 'vnf1'], [54, 'vnf1'], [54, 'vnf1'], [43, 'vnf2'], [42, None], [41, None], [40, None], [51, None], [52, None], [53, None], [54, None], [65, 'dst']]",0,126.56444041573508,5,3,11,145.56444041573508
12,True,False,13,9,"['1', '1', '1', '1', '1']","[[47, 'src'], [46, None], [45, None], [44, None], [54, 'vnf1'], [54, 'vnf1'], [54, 'vnf1'], [54, 'vnf1'], [54, 'vnf1'], [53, None], [52, None], [63, None], [62, None], [61, 'dst']]","[[47, 'src'], [46, None], [45, None], [44, None], [54, 'vnf1'], [54, 'vnf1'], [54, 'vnf1'], [54, 'vnf1'], [54, 'vnf1'], [53, None], [52, None], [63, None], [62, None], [61, 'dst']]",0,99.03386805677981,5,11,9,124.03386805677981
13,True,False,13,14,"['2', '2', '1', '1', '1']","[[48, ('src', 'vnf2')], [48, 'vnf2'], [47, None], [46, None], [45, None], [44, None], [54, 'vnf1'], [54, 'vnf1'], [54, 'vnf1'], [53, None], [52, None], [63, None], [62, None], [61, None], [60, None], [59, None], [58, 'dst']]","[[48, ('src', 'vnf2')], [48, 'vnf2'], [47, None], [46, None], [45, None], [44, None], [54, 'vnf1'], [54, 'vnf1'], [54, 'vnf1'], [53, None], [52, None], [63, None], [62, None], [61, None], [60, None], [59, None], [58, 'dst']]",0,154.25888139864782,5,7,13,179.25888139864782
14,True,False,8,4,"['2', '2', '1', '1', '2']","[[49, ('src', 'vnf2')], [49, 'vnf2'], [50, None], [51, None], [52, None], [53, None], [54, 'vnf1'], [54, 'vnf1'], [43, 'vnf2'], [54, None], [53, None], [52, None], [51, None], [62, 'dst']]","[[49, ('src', 'vnf2')], [49, 'vnf2'], [50, None], [51, None], [52, None], [53, None], [54, 'vnf1'], [54, 'vnf1'], [43, 'vnf2'], [54, None], [53, None], [52, None], [51, None], [62, 'dst']]",0,128.9373730078416,5,7,11,151.9373730078416
15,True,False,0,4,"['1', '2', '1', '1', '1']","[[7, ('src', 'vnf1')], [8, None], [9, None], [10, None], [21, None], [32, 'vnf2'], [21, None], [10, None], [9, None], [8, None], [7, 'vnf1'], [7, 'vnf1'], [7, 'vnf1'], [62, 'dst']]","[[7, ('src', 'vnf1')], [8, None], [9, None], [10, None], [21, None], [32, 'vnf2'], [21, None], [10, None], [9, None], [8, None], [7, 'vnf1'], [7, 'vnf1'], [7, 'vnf1'], [62, 'dst']]",0,122.66708189990645,5,3,11,141.66708189990646
16,True,False,1,7,"['2', '2', '2', '2', '2']","[[32, ('src', 'vnf2')], [32, 'vnf2'], [32, 'vnf2'], [32, 'vnf2'], [32, 'vnf2'], [31, None], [42, None], [41, None], [40, None], [39, 'dst']]","[[32, ('src', 'vnf2')], [32, 'vnf2'], [32, 'vnf2'], [32, 'vnf2'], [32, 'vnf2'], [31, None], [42, None], [41, None], [40, None], [39, 'dst']]",0,46.084245646052786,5,4,5,60.084245646052786
17,True,False,6,8,"['1', '1', '2', '1', '2']","[[27, ('src', 'vnf1')], [27, 'vnf1'], [28, None], [29, None], [30, None], [31, None], [32, 'vnf2'], [21, None], [10, None], [9, None], [8, None], [7, 'vnf1'], [8, None], [9, None], [10, None], [21, None], [32, 'vnf2'], [31, None], [30, None], [29, None], [28, None], [27, None], [26, None], [25, None], [24, None], [23, None], [22, None], [33, None], [44, 'dst']]","[[27, ('src', 'vnf1')], [27, 'vnf1'], [28, None], [29, None], [30, None], [31, None], [32, 'vnf2'], [21, None], [10, None], [9, None], [8, None], [7, 'vnf1'], [8, None], [9, None], [10, None], [21, None], [32, 'vnf2'], [31, None], [30, None], [29, None], [28, None], [27, None], [26, None], [25, None], [24, None], [23, None], [22, None], [33, None], [44, 'dst']]",0,350.08683360088077,5,4,27,386.08683360088077
18,True,False,7,4,"['1', '1', '2', '1', '1']","[[33, ('src', 'vnf1')], [33, 'vnf1'], [43, 'vnf2'], [54, 'vnf1'], [54, 'vnf1'], [53, None], [52, None], [51, None], [62, 'dst']]","[[33, ('src', 'vnf1')], [33, 'vnf1'], [43, 'vnf2'], [54, 'vnf1'], [54, 'vnf1'], [53, None], [52, None], [51, None], [62, 'dst']]",0,69.69530622347557,5,4,6,84.69530622347557
19,True,False,9,5,"['1', '1', '1', '1', '2']","[[60, ('src', 'vnf1')], [60, 'vnf1'], [60, 'vnf1'], [60, 'vnf1'], [5, None], [4, None], [3, None], [2, None], [1, None], [0, ('dst', 'vnf2')]]","[[60, ('src', 'vnf1')], [60, 'vnf1'], [60, 'vnf1'], [60, 'vnf1'], [5, None], [4, None], [3, None], [2, None], [1, None], [0, ('dst', 'vnf2')]]",0,83.91864992960936,4,0,6,93.91864992960936
20,True,False,3,4,"['1', '2', '1', '2', '1']","[[54, ('src', 'vnf1')], [43, 'vnf2'], [54, 'vnf1'], [43, 'vnf2'], [54, 'vnf1'], [53, None], [52, None], [51, None], [62, 'dst']]","[[54, ('src', 'vnf1')], [43, 'vnf2'], [54, 'vnf1'], [43, 'vnf2'], [54, 'vnf1'], [53, None], [52, None], [51, None], [62, 'dst']]",0,97.31067736310509,5,12,8,122.31067736310509
21,True,False,6,2,"['1', '2', '1', '2', '2']","[[27, ('src', 'vnf1')], [28, None], [29, None], [30, None], [31, None], [32, 'vnf2'], [21, None], [10, None], [9, None], [8, None], [7, 'vnf1'], [8, None], [9, None], [10, None], [21, None], [32, 'vnf2'], [32, 'vnf2'], [31, None], [42, 'dst']]","[[27, ('src', 'vnf1')], [28, None], [29, None], [30, None], [31, None], [32, 'vnf2'], [21, None], [10, None], [9, None], [8, None], [7, 'vnf1'], [8, None], [9, None], [10, None], [21, None], [32, 'vnf2'], [32, 'vnf2'], [31, None], [42, 'dst']]",0,193.88510329129025,5,8,17,223.88510329129025
22,True,False,5,3,"['1', '2', '1', '2', '2']","[[16, 'src'], [5, None], [6, None], [7, 'vnf1'], [8, None], [9, None], [10, None], [21, None], [32, 'vnf2'], [21, None], [10, None], [9, None], [8, None], [7, 'vnf1'], [8, None], [9, None], [10, None], [21, None], [32, 'vnf2'], [32, 'vnf2'], [43, None], [42, None], [53, 'dst']]","[[16, 'src'], [5, None], [6, None], [7, 'vnf1'], [8, None], [9, None], [10, None], [21, None], [32, 'vnf2'], [21, None], [10, None], [9, None], [8, None], [7, 'vnf1'], [8, None], [9, None], [10, None], [21, None], [32, 'vnf2'], [32, 'vnf2'], [43, None], [42, None], [53, 'dst']]",0,262.7094699833539,5,18,21,306.7094699833539
23,True,False,0,7,"['2', '1', '1', '2', '2']","[[21, 'src'], [32, 'vnf2'], [21, None], [10, None], [9, None], [8, None], [7, 'vnf1'], [7, 'vnf1'], [8, None], [9, None], [10, None], [21, None], [32, 'vnf2'], [32, 'vnf2'], [31, None], [42, None], [41, None], [40, None], [39, 'dst']]","[[21, 'src'], [32, 'vnf2'], [21, None], [10, None], [9, None], [8, None], [7, 'vnf1'], [7, 'vnf1'], [8, None], [9, None], [10, None], [21, None], [32, 'vnf2'], [32, 'vnf2'], [31, None], [42, None], [41, None], [40, None], [39, 'dst']]",0,175.57887885830087,5,10,16,206.57887885830087
24,True,False,14,9,"['2', '2', '1', '1', '1']","[[59, 'src'], [4, None], [3, 'vnf2'], [3, 'vnf2'], [4, None], [5, None], [6, None], [7, 'vnf1'], [7, 'vnf1'], [7, 'vnf1'], [62, None], [61, None], [60, 'dst']]","[[59, 'src'], [4, None], [3, 'vnf2'], [3, 'vnf2'], [4, None], [5, None], [6, None], [7, 'vnf1'], [7, 'vnf1'], [7, 'vnf1'], [62, None], [61, None], [60, 'dst']]",0,128.21891097640992,5,0,9,142.21891097640992
25,True,False,13,4,"['1', '1', '1', '1', '2']","[[47, 'src'], [46, None], [45, None], [44, None], [54, 'vnf1'], [54, 'vnf1'], [54, 'vnf1'], [54, 'vnf1'], [43, 'vnf2'], [42, None], [41, None], [52, None], [51, None], [62, 'dst']]","[[47, 'src'], [46, None], [45, None], [44, None], [54, 'vnf1'], [54, 'vnf1'], [54, 'vnf1'], [54, 'vnf1'], [43, 'vnf2'], [42, None], [41, None], [52, None], [51, None], [62, 'dst']]",0,106.36579655952254,5,17,10,138.36579655952255
26,True,False,12,4,"['2', '1', '2', '2', '2']","[[34, ('src', 'vnf2')], [33, 'vnf1'], [43, 'vnf2'], [43, 'vnf2'], [43, 'vnf2'], [42, None], [41, None], [40, None], [51, None], [52, None], [53, None], [64, 'dst']]","[[34, ('src', 'vnf2')], [33, 'vnf1'], [43, 'vnf2'], [43, 'vnf2'], [43, 'vnf2'], [42, None], [41, None], [40, None], [51, None], [52, None], [53, None], [64, 'dst']]",0,88.6908422072842,5,0,9,102.6908422072842
27,True,False,11,4,"['2', '1', '1', '1', '2']","[[23, ('src', 'vnf2')], [24, None], [25, None], [26, None], [27, 'vnf1'], [27, 'vnf1'], [27, 'vnf1'], [28, None], [29, None], [30, None], [31, None], [32, 'vnf2'], [21, None], [20, None], [19, None], [18, None], [7, None], [8, None], [9, None], [10, None], [65, 'dst']]","[[23, ('src', 'vnf2')], [24, None], [25, None], [26, None], [27, 'vnf1'], [27, 'vnf1'], [27, 'vnf1'], [28, None], [29, None], [30, None], [31, None], [32, 'vnf2'], [21, None], [20, None], [19, None], [18, None], [7, None], [8, None], [9, None], [10, None], [65, 'dst']]",0,197.00343192181802,5,8,18,228.00343192181802
28,True,False,1,3,"['2', '1', '2', '1', '1']","[[32, ('src', 'vnf2')], [21, None], [10, None], [9, None], [8, None], [7, 'vnf1'], [8, None], [9, None], [10, None], [21, None], [32, 'vnf2'], [21, None], [10, None], [9, None], [8, None], [7, 'vnf1'], [7, 'vnf1'], [62, None], [51, None], [52, 'dst']]","[[32, ('src', 'vnf2')], [21, None], [10, None], [9, None], [8, None], [7, 'vnf1'], [8, None], [9, None], [10, None], [21, None], [32, 'vnf2'], [21, None], [10, None], [9, None], [8, None], [7, 'vnf1'], [7, 'vnf1'], [62, None], [51, None], [52, 'dst']]",0,197.18602589679074,5,25,18,245.18602589679074
29,True,False,12,4,"['2', '2', '1', '2', '2']","[[34, ('src', 'vnf2')], [34, 'vnf2'], [33, 'vnf1'], [43, 'vnf2'], [43, 'vnf2'], [54, None], [53, None], [52, None], [51, None], [62, 'dst']]","[[34, ('src', 'vnf2')], [34, 'vnf2'], [33, 'vnf1'], [43, 'vnf2'], [43, 'vnf2'], [54, None], [53, None], [52, None], [51, None], [62, 'dst']]",0,89.34902956703327,5,3,7,104.34902956703327
30,True,False,6,14,"['1', '2', '2', '2', '2']","[[27, ('src', 'vnf1')], [28, None], [29, None], [30, None], [31, None], [32, 'vnf2'], [32, 'vnf2'], [32, 'vnf2'], [32, 'vnf2'], [21, None], [10, None], [9, None], [8, None], [7, None], [6, None], [5, None], [4, None], [15, None], [4, None], [59, 'dst']]","[[27, ('src', 'vnf1')], [28, None], [29, None], [30, None], [31, None], [32, 'vnf2'], [32, 'vnf2'], [32, 'vnf2'], [32, 'vnf2'], [21, None], [10, None], [9, None], [8, None], [7, None], [6, None], [5, None], [4, None], [15, None], [4, None], [59, 'dst']]",0,201.93127064238348,5,5,16,227.93127064238348
31,True,False,1,14,"['2', '1', '2', '2', '2']","[[32, ('src', 'vnf2')], [21, None], [10, None], [9, None], [8, None], [7, 'vnf1'], [8, None], [9, None], [10, None], [21, None], [32, 'vnf2'], [32, 'vnf2'], [32, 'vnf2'], [21, None], [20, None], [9, None], [10, None], [0, None], [1, None], [2, None], [3, None], [58, 'dst']]","[[32, ('src', 'vnf2')], [21, None], [10, None], [9, None], [8, None], [7, 'vnf1'], [8, None], [9, None], [10, None], [21, None], [32, 'vnf2'], [32, 'vnf2'], [32, 'vnf2'], [21, None], [20, None], [9, None], [10, None], [0, None], [1, None], [2, None], [3, None], [58, 'dst']]",0,216.4590748361284,5,24,19,264.45907483612837
32,True,False,8,9,"['2', '2', '1', '2', '2']","[[49, ('src', 'vnf2')], [49, 'vnf2'], [50, None], [51, None], [52, None], [53, None], [54, 'vnf1'], [43, 'vnf2'], [43, 'vnf2'], [42, None], [41, None], [40, None], [39, None], [38, None], [37, None], [36, None], [35, None], [34, None], [33, None], [44, None], [45, None], [46, None], [47, None], [48, None], [49, None], [60, 'dst']]","[[49, ('src', 'vnf2')], [49, 'vnf2'], [50, None], [51, None], [52, None], [53, None], [54, 'vnf1'], [43, 'vnf2'], [43, 'vnf2'], [42, None], [41, None], [40, None], [39, None], [38, None], [37, None], [36, None], [35, None], [34, None], [33, None], [44, None], [45, None], [46, None], [47, None], [48, None], [49, None], [60, 'dst']]",0,312.17041152608044,5,9,23,349.17041152608044
33,True,False,7,8,"['1', '2', '1', '1', '2']","[[33, ('src', 'vnf1')], [43, 'vnf2'], [54, 'vnf1'], [54, 'vnf1'], [43, 'vnf2'], [54, None], [44, 'dst']]","[[33, ('src', 'vnf1')], [43, 'vnf2'], [54, 'vnf1'], [54, 'vnf1'], [43, 'vnf2'], [54, None], [44, 'dst']]",0,86.57654117030268,5,10,5,106.57654117030268
34,True,False,2,4,"['1', '1', '2', '2', '2']","[[41, 'src'], [42, None], [43, None], [54, 'vnf1'], [54, 'vnf1'], [43, 'vnf2'], [43, 'vnf2'], [43, 'vnf2'], [42, None], [53, None], [52, None], [63, 'dst']]","[[41, 'src'], [42, None], [43, None], [54, 'vnf1'], [54, 'vnf1'], [43, 'vnf2'], [43, 'vnf2'], [43, 'vnf2'], [42, None], [53, None], [52, None], [63, 'dst']]",0,68.53949616438904,5,8,8,89.53949616438904
35,True,False,3,9,"['1', '2', '1', '2', '1']","[[54, ('src', 'vnf1')], [43, 'vnf2'], [54, 'vnf1'], [43, 'vnf2'], [54, 'vnf1'], [53, None], [64, None], [63, None], [62, None], [61, None], [60, 'dst']]","[[54, ('src', 'vnf1')], [43, 'vnf2'], [54, 'vnf1'], [43, 'vnf2'], [54, 'vnf1'], [53, None], [64, None], [63, None], [62, None], [61, None], [60, 'dst']]",0,129.5394758799886,5,19,10,163.5394758799886
36,True,False,3,4,"['2', '1', '1', '2', '2']","[[52, 'src'], [41, None], [42, None], [43, 'vnf2'], [54, 'vnf1'], [54, 'vnf1'], [43, 'vnf2'], [43, 'vnf2'], [54, None], [53, None], [52, None], [63, 'dst']]","[[52, 'src'], [41, None], [42, None], [43, 'vnf2'], [54, 'vnf1'], [54, 'vnf1'], [43, 'vnf2'], [43, 'vnf2'], [54, None], [53, None], [52, None], [63, 'dst']]",0,81.30262846816575,5,15,9,110.30262846816575
37,True,False,1,8,"['1', '2', '1', '1', '2']","[[31, 'src'], [20, None], [9, None], [8, None], [7, 'vnf1'], [8, None], [9, None], [10, None], [21, None], [32, 'vnf2'], [21, None], [10, None], [9, None], [8, None], [7, 'vnf1'], [7, 'vnf1'], [8, None], [9, None], [10, None], [21, None], [32, 'vnf2'], [31, None], [30, None], [29, None], [28, None], [39, None], [40, None], [41, None], [42, None], [43, None], [33, None], [44, 'dst']]","[[31, 'src'], [20, None], [9, None], [8, None], [7, 'vnf1'], [8, None], [9, None], [10, None], [21, None], [32, 'vnf2'], [21, None], [10, None], [9, None], [8, None], [7, 'vnf1'], [7, 'vnf1'], [8, None], [9, None], [10, None], [21, None], [32, 'vnf2'], [31, None], [30, None], [29, None], [28, None], [39, None], [40, None], [41, None], [42, None], [43, None], [33, None], [44, 'dst']]",0,339.56164406804055,5,32,30,406.56164406804055
38,True,False,3,4,"['1', '2', '1', '2', '2']","[[54, ('src', 'vnf1')], [43, 'vnf2'], [54, 'vnf1'], [43, 'vnf2'], [43, 'vnf2'], [42, None], [41, None], [52, None], [53, None], [54, None], [65, 'dst']]","[[54, ('src', 'vnf1')], [43, 'vnf2'], [54, 'vnf1'], [43, 'vnf2'], [43, 'vnf2'], [42, None], [41, None], [52, None], [53, None], [54, None], [65, 'dst']]",0,96.67763455096959,5,23,9,133.67763455096957
39,True,False,0,1,"['2', '2', '2', '2', '2']","[[20, 'src'], [21, None], [32, 'vnf2'], [32, 'vnf2'], [32, 'vnf2'], [32, 'vnf2'], [32, ('dst', 'vnf2')]]","[[20, 'src'], [21, None], [32, 'vnf2'], [32, 'vnf2'], [32, 'vnf2'], [32, 'vnf2'], [32, ('dst', 'vnf2')]]",0,29.389183165428058,5,3,2,39.38918316542806
40,True,False,11,14,"['1', '1', '1', '2', '1']","[[25, 'src'], [26, None], [27, 'vnf1'], [27, 'vnf1'], [27, 'vnf1'], [28, None], [29, None], [30, None], [31, None], [32, 'vnf2'], [21, None], [10, None], [9, None], [8, None], [7, 'vnf1'], [8, None], [9, None], [10, None], [65, None], [55, None], [56, None], [57, None], [58, 'dst']]","[[25, 'src'], [26, None], [27, 'vnf1'], [27, 'vnf1'], [27, 'vnf1'], [28, None], [29, None], [30, None], [31, None], [32, 'vnf2'], [21, None], [10, None], [9, None], [8, None], [7, 'vnf1'], [8, None], [9, None], [10, None], [65, None], [55, None], [56, None], [57, None], [58, 'dst']]",0,243.13842992127508,5,16,20,284.1384299212751
41,True,False,13,14,"['1', '1', '2', '1', '2']","[[45, 'src'], [44, None], [54, 'vnf1'], [54, 'vnf1'], [43, 'vnf2'], [54, 'vnf1'], [43, 'vnf2'], [33, None], [34, None], [35, None], [46, None], [57, 'dst']]","[[45, 'src'], [44, None], [54, 'vnf1'], [54, 'vnf1'], [43, 'vnf2'], [54, 'vnf1'], [43, 'vnf2'], [33, None], [34, None], [35, None], [46, None], [57, 'dst']]",0,146.26598873287236,5,18,10,179.26598873287236
42,True,False,1,3,"['1', '2', '2', '2', '1']","[[31, 'src'], [20, None], [9, None], [8, None], [7, 'vnf1'], [8, None], [9, None], [10, None], [21, None], [32, 'vnf2'], [32, 'vnf2'], [32, 'vnf2'], [21, None], [10, None], [9, None], [8, None], [7, 'vnf1'], [62, None], [51, None], [52, 'dst']]","[[31, 'src'], [20, None], [9, None], [8, None], [7, 'vnf1'], [8, None], [9, None], [10, None], [21, None], [32, 'vnf2'], [32, 'vnf2'], [32, 'vnf2'], [21, None], [10, None], [9, None], [8, None], [7, 'vnf1'], [62, None], [51, None], [52, 'dst']]",0,158.78966044138895,5,25,17,205.78966044138895
43,True,False,9,6,"['2', '2', '2', '2', '1']","[[55, 'src'], [0, 'vnf2'], [0, 'vnf2'], [0, 'vnf2'], [0, 'vnf2'], [10, None], [9, None], [8, None], [7, 'vnf1'], [8, None], [19, None], [30, None], [31, None], [32, None], [22, 'dst']]","[[55, 'src'], [0, 'vnf2'], [0, 'vnf2'], [0, 'vnf2'], [0, 'vnf2'], [10, None], [9, None], [8, None], [7, 'vnf1'], [8, None], [19, None], [30, None], [31, None], [32, None], [22, 'dst']]",0,114.63614169818848,5,14,11,144.63614169818848
44,True,False,7,14,"['2', '2', '1', '2', '1']","[[38, 'src'], [39, None], [40, None], [41, None], [42, None], [43, 'vnf2'], [43, 'vnf2'], [54, 'vnf1'], [43, 'vnf2'], [54, 'vnf1'], [65, None], [55, None], [56, None], [57, 'dst']]","[[38, 'src'], [39, None], [40, None], [41, None], [42, None], [43, 'vnf2'], [43, 'vnf2'], [54, 'vnf1'], [43, 'vnf2'], [54, 'vnf1'], [65, None], [55, None], [56, None], [57, 'dst']]",0,179.10514963592536,5,21,12,217.10514963592536
45,True,False,10,9,"['2', '2', '1', '1', '2']","[[3, ('src', 'vnf2')], [3, 'vnf2'], [4, None], [5, None], [6, None], [7, 'vnf1'], [7, 'vnf1'], [8, None], [9, None], [10, None], [21, None], [32, 'vnf2'], [21, None], [10, None], [0, None], [11, None], [0, None], [1, None], [2, None], [3, None], [4, None], [5, None], [60, 'dst']]","[[3, ('src', 'vnf2')], [3, 'vnf2'], [4, None], [5, None], [6, None], [7, 'vnf1'], [7, 'vnf1'], [8, None], [9, None], [10, None], [21, None], [32, 'vnf2'], [21, None], [10, None], [0, None], [11, None], [0, None], [1, None], [2, None], [3, None], [4, None], [5, None], [60, 'dst']]",0,303.51784090912884,5,11,20,339.51784090912884
46,True,False,9,5,"['2', '1', '1', '2', '2']","[[61, 'src'], [6, None], [7, None], [8, None], [9, None], [10, None], [0, 'vnf2'], [10, None], [9, None], [8, None], [7, 'vnf1'], [7, 'vnf1'], [8, None], [9, None], [10, None], [21, None], [32, 'vnf2'], [32, 'vnf2'], [21, None], [20, None], [21, None], [11, 'dst']]","[[61, 'src'], [6, None], [7, None], [8, None], [9, None], [10, None], [0, 'vnf2'], [10, None], [9, None], [8, None], [7, 'vnf1'], [7, 'vnf1'], [8, None], [9, None], [10, None], [21, None], [32, 'vnf2'], [32, 'vnf2'], [21, None], [20, None], [21, None], [11, 'dst']]",0,248.47363684891263,5,26,19,298.47363684891263
47,True,False,4,0,"['1', '2', '2', '2', '1']","[[62, ('src', 'vnf1')], [7, None], [8, None], [9, None], [10, None], [21, None], [32, 'vnf2'], [32, 'vnf2'], [32, 'vnf2'], [21, None], [10, None], [9, None], [8, None], [7, ('dst', 'vnf1')]]","[[62, ('src', 'vnf1')], [7, None], [8, None], [9, None], [10, None], [21, None], [32, 'vnf2'], [32, 'vnf2'], [32, 'vnf2'], [21, None], [10, None], [9, None], [8, None], [7, ('dst', 'vnf1')]]",0,122.66708189990645,4,9,11,146.66708189990646
48,True,False,10,4,"['2', '1', '2', '1', '1']","[[3, ('src', 'vnf2')], [4, None], [5, None], [6, None], [7, 'vnf1'], [8, None], [9, None], [10, None], [21, None], [32, 'vnf2'], [21, None], [10, None], [9, None], [8, None], [7, 'vnf1'], [7, 'vnf1'], [8, None], [9, None], [64, 'dst']]","[[3, ('src', 'vnf2')], [4, None], [5, None], [6, None], [7, 'vnf1'], [8, None], [9, None], [10, None], [21, None], [32, 'vnf2'], [21, None], [10, None], [9, None], [8, None], [7, 'vnf1'], [7, 'vnf1'], [8, None], [9, None], [64, 'dst']]",0,192.69371274550343,5,39,17,253.69371274550343
49,True,False,9,8,"['2', '1', '2', '2', '2']","[[61, 'src'], [6, None], [7, None], [8, None], [9, None], [10, None], [0, 'vnf2'], [10, None], [9, None], [8, None], [7, 'vnf1'], [8, None], [9, None], [10, None], [21, None], [32, 'vnf2'], [32, 'vnf2'], [32, 'vnf2'], [22, None], [32, None], [31, None], [30, None], [29, None], [28, None], [39, None], [50, 'dst']]","[[61, 'src'], [6, None], [7, None], [8, None], [9, None], [10, None], [0, 'vnf2'], [10, None], [9, None], [8, None], [7, 'vnf1'], [8, None], [9, None], [10, None], [21, None], [32, 'vnf2'], [32, 'vnf2'], [32, 'vnf2'], [22, None], [32, None], [31, None], [30, None], [29, None], [28, None], [39, None], [50, 'dst']]",0,310.9255574842714,5,28,23,366.9255574842714
50,True,False,0,12,"['1', '2', '1', '2', '1']","[[7, ('src', 'vnf1')], [8, None], [9, None], [10, None], [21, None], [32, 'vnf2'], [21, None], [10, None], [9, None], [8, None], [7, 'vnf1'], [8, None], [9, None], [10, None], [21, None], [32, 'vnf2'], [21, None], [10, None], [9, None], [8, None], [7, 'vnf1'], [6, None], [5, None], [4, None], [3, None], [4, None], [15, None], [26, None], [25, None], [24, None], [35, 'dst']]","[[7, ('src', 'vnf1')], [8, None], [9, None], [10, None], [21, None], [32, 'vnf2'], [21, None], [10, None], [9, None], [8, None], [7, 'vnf1'], [8, None], [9, None], [10, None], [21, None], [32, 'vnf2'], [21, None], [10, None], [9, None], [8, None], [7, 'vnf1'], [6, None], [5, None], [4, None], [3, None], [4, None], [15, None], [26, None], [25, None], [24, None], [35, 'dst']]",0,333.0106044500347,5,32,30,400.0106044500347
51,True,False,13,9,"['1', '1', '2', '1', '2']","[[46, 'src'], [45, None], [44, None], [54, 'vnf1'], [54, 'vnf1'], [43, 'vnf2'], [54, 'vnf1'], [43, 'vnf2'], [42, None], [41, None], [40, None], [39, None], [38, None], [39, None], [50, None], [51, None], [52, None], [53, None], [54, None], [44, None], [55, 'dst']]","[[46, 'src'], [45, None], [44, None], [54, 'vnf1'], [54, 'vnf1'], [43, 'vnf2'], [54, 'vnf1'], [43, 'vnf2'], [42, None], [41, None], [40, None], [39, None], [38, None], [39, None], [50, None], [51, None], [52, None], [53, None], [54, None], [44, None], [55, 'dst']]",0,291.550374108445,5,26,19,341.550374108445
52,True,False,5,1,"['1', '1', '2', '2', '1']","[[11, 'src'], [0, None], [10, None], [9, None], [8, None], [7, 'vnf1'], [7, 'vnf1'], [8, None], [9, None], [10, None], [21, None], [32, 'vnf2'], [32, 'vnf2'], [21, None], [10, None], [9, None], [8, None], [7, 'vnf1'], [8, None], [9, None], [10, None], [21, None], [32, 'dst']]","[[11, 'src'], [0, None], [10, None], [9, None], [8, None], [7, 'vnf1'], [7, 'vnf1'], [8, None], [9, None], [10, None], [21, None], [32, 'vnf2'], [32, 'vnf2'], [21, None], [10, None], [9, None], [8, None], [7, 'vnf1'], [8, None], [9, None], [10, None], [21, None], [32, 'dst']]",0,239.47069890475737,5,38,20,302.47069890475734
53,True,False,11,8,"['2', '2', '1', '2', '1']","[[23, ('src', 'vnf2')], [23, 'vnf2'], [24, None], [25, None], [26, None], [27, 'vnf1'], [28, None], [29, None], [30, None], [31, None], [32, 'vnf2'], [21, None], [10, None], [9, None], [8, None], [7, 'vnf1'], [8, None], [9, None], [10, None], [0, None], [10, None], [9, None], [8, None], [7, None], [6, None], [61, None], [50, None], [49, 'dst']]","[[23, ('src', 'vnf2')], [23, 'vnf2'], [24, None], [25, None], [26, None], [27, 'vnf1'], [28, None], [29, None], [30, None], [31, None], [32, 'vnf2'], [21, None], [10, None], [9, None], [8, None], [7, 'vnf1'], [8, None], [9, None], [10, None], [0, None], [10, None], [9, None], [8, None], [7, None], [6, None], [61, None], [50, None], [49, 'dst']]",0,333.63203481149367,5,25,26,389.63203481149367
54,True,False,13,14,"['1', '2', '1', '2', '2']","[[45, 'src'], [44, None], [54, 'vnf1'], [43, 'vnf2'], [54, 'vnf1'], [43, 'vnf2'], [43, 'vnf2'], [33, None], [34, None], [35, None], [36, None], [37, None], [36, None], [35, None], [46, None], [57, 'dst']]","[[45, 'src'], [44, None], [54, 'vnf1'], [43, 'vnf2'], [54, 'vnf1'], [43, 'vnf2'], [43, 'vnf2'], [33, None], [34, None], [35, None], [36, None], [37, None], [36, None], [35, None], [46, None], [57, 'dst']]",0,169.71316113107713,5,22,14,210.71316113107713
55,True,False,10,11,"['1', '1', '2', '1', '1']","[[13, 'src'], [2, None], [3, None], [4, None], [5, None], [6, None], [7, 'vnf1'], [7, 'vnf1'], [8, None], [9, None], [10, None], [21, None], [32, 'vnf2'], [21, None], [10, None], [9, None], [8, None], [7, 'vnf1'], [7, 'vnf1'], [18, None], [29, None], [30, None], [31, None], [32, None], [22, None], [23, 'dst']]","[[13, 'src'], [2, None], [3, None], [4, None], [5, None], [6, None], [7, 'vnf1'], [7, 'vnf1'], [8, None], [9, None], [10, None], [21, None], [32, 'vnf2'], [21, None], [10, None], [9, None], [8, None], [7, 'vnf1'], [7, 'vnf1'], [18, None], [29, None], [30, None], [31, None], [32, None], [22, None], [23, 'dst']]",0,266.49419471095774,5,30,23,324.49419471095774
56,True,False,1,8,"['1', '1', '1', '2', '1']","[[32, 'src'], [21, None], [10, None], [9, None], [8, None], [7, 'vnf1'], [7, 'vnf1'], [7, 'vnf1'], [8, None], [9, None], [10, None], [21, None], [32, 'vnf2'], [21, None], [10, None], [9, None], [8, None], [7, 'vnf1'], [8, None], [9, None], [10, None], [0, None], [11, None], [0, None], [55, None], [44, None], [54, None], [53, None], [52, None], [51, None], [50, 'dst']]","[[32, 'src'], [21, None], [10, None], [9, None], [8, None], [7, 'vnf1'], [7, 'vnf1'], [7, 'vnf1'], [8, None], [9, None], [10, None], [21, None], [32, 'vnf2'], [21, None], [10, None], [9, None], [8, None], [7, 'vnf1'], [8, None], [9, None], [10, None], [0, None], [11, None], [0, None], [55, None], [44, None], [54, None], [53, None], [52, None], [51, None], [50, 'dst']]",0,373.3935819683498,5,38,28,444.3935819683498
57,True,False,2,13,"['2', '1', '1', '2', '1']","[[43, ('src', 'vnf2')], [54, 'vnf1'], [54, 'vnf1'], [43, 'vnf2'], [54, 'vnf1'], [44, None], [45, 'dst']]","[[43, ('src', 'vnf2')], [54, 'vnf1'], [54, 'vnf1'], [43, 'vnf2'], [54, 'vnf1'], [44, None], [45, 'dst']]",0,86.57654117030268,5,24,5,120.57654117030268
58,True,False,14,4,"['2', '1', '1', '1', '2']","[[59, 'src'], [4, None], [3, 'vnf2'], [4, None], [5, None], [6, None], [7, 'vnf1'], [7, 'vnf1'], [7, 'vnf1'], [8, None], [9, None], [10, None], [21, None], [32, 'vnf2'], [21, None], [10, None], [65, 'dst']]","[[59, 'src'], [4, None], [3, 'vnf2'], [4, None], [5, None], [6, None], [7, 'vnf1'], [7, 'vnf1'], [7, 'vnf1'], [8, None], [9, None], [10, None], [21, None], [32, 'vnf2'], [21, None], [10, None], [65, 'dst']]",0,185.64530537307593,5,16,14,220.64530537307593
59,True,False,9,4,"['1', '1', '2', '1', '1']","[[60, ('src', 'vnf1')], [60, 'vnf1'], [5, None], [4, None], [3, None], [2, None], [1, None], [0, 'vnf2'], [10, None], [9, None], [8, None], [7, 'vnf1'], [7, 'vnf1'], [8, None], [9, None], [64, 'dst']]","[[60, ('src', 'vnf1')], [60, 'vnf1'], [5, None], [4, None], [3, None], [2, None], [1, None], [0, 'vnf2'], [10, None], [9, None], [8, None], [7, 'vnf1'], [7, 'vnf1'], [8, None], [9, None], [64, 'dst']]",0,144.02695527794842,5,29,13,191.02695527794842
60,True,False,10,1,"['2', '1', '2', '1', '1']","[[3, ('src', 'vnf2')], [4, None], [5, None], [6, None], [7, 'vnf1'], [8, None], [9, None], [10, None], [21, None], [32, 'vnf2'], [21, None], [10, None], [9, None], [8, None], [7, 'vnf1'], [7, 'vnf1'], [18, None], [29, 'dst']]","[[3, ('src', 'vnf2')], [4, None], [5, None], [6, None], [7, 'vnf1'], [8, None], [9, None], [10, None], [21, None], [32, 'vnf2'], [21, None], [10, None], [9, None], [8, None], [7, 'vnf1'], [7, 'vnf1'], [18, None], [29, 'dst']]",0,195.45316230829832,5,27,16,243.45316230829832
61,True,False,1,8,"['1', '1', '2', '1', '1']","[[32, 'src'], [21, None], [10, None], [9, None], [8, None], [7, 'vnf1'], [7, 'vnf1'], [8, None], [9, None], [10, None], [21, None], [32, 'vnf2'], [21, None], [10, None], [9, None], [8, None], [7, 'vnf1'], [7, 'vnf1'], [6, None], [7, None], [8, None], [9, None], [10, None], [0, None], [55, None], [44, 'dst']]","[[32, 'src'], [21, None], [10, None], [9, None], [8, None], [7, 'vnf1'], [7, 'vnf1'], [8, None], [9, None], [10, None], [21, None], [32, 'vnf2'], [21, None], [10, None], [9, None], [8, None], [7, 'vnf1'], [7, 'vnf1'], [6, None], [7, None], [8, None], [9, None], [10, None], [0, None], [55, None], [44, 'dst']]",0,298.03036703312483,5,41,23,367.03036703312483
62,True,False,0,2,"['2', '2', '2', '1', '2']","[[9, 'src'], [10, None], [21, None], [32, 'vnf2'], [32, 'vnf2'], [32, 'vnf2'], [21, None], [10, None], [9, None], [8, None], [7, 'vnf1'], [8, None], [9, None], [10, None], [21, None], [32, 'vnf2'], [31, None], [42, 'dst']]","[[9, 'src'], [10, None], [21, None], [32, 'vnf2'], [32, 'vnf2'], [32, 'vnf2'], [21, None], [10, None], [9, None], [8, None], [7, 'vnf1'], [8, None], [9, None], [10, None], [21, None], [32, 'vnf2'], [31, None], [42, 'dst']]",0,175.89122598425277,5,30,15,225.89122598425277
63,True,False,3,4,"['2', '2', '2', '1', '2']","[[51, 'src'], [40, None], [41, None], [42, None], [43, 'vnf2'], [43, 'vnf2'], [43, 'vnf2'], [54, 'vnf1'], [43, 'vnf2'], [42, None], [41, None], [52, None], [53, None], [64, 'dst']]","[[51, 'src'], [40, None], [41, None], [42, None], [43, 'vnf2'], [43, 'vnf2'], [43, 'vnf2'], [54, 'vnf1'], [43, 'vnf2'], [42, None], [41, None], [52, None], [53, None], [64, 'dst']]",0,89.19189587887885,5,15,11,120.19189587887885
64,True,False,12,9,"['2', '1', '2', '1', '1']","[[34, ('src', 'vnf2')], [33, 'vnf1'], [43, 'vnf2'], [54, 'vnf1'], [54, 'vnf1'], [53, None], [52, None], [63, None], [62, None], [61, None], [60, 'dst']]","[[34, ('src', 'vnf2')], [33, 'vnf1'], [43, 'vnf2'], [54, 'vnf1'], [54, 'vnf1'], [53, None], [52, None], [63, None], [62, None], [61, None], [60, 'dst']]",0,118.58459555996438,5,10,9,142.58459555996438
65,True,False,12,9,"['1', '2', '2', '1', '1']","[[34, 'src'], [33, 'vnf1'], [43, 'vnf2'], [43, 'vnf2'], [54, 'vnf1'], [54, 'vnf1'], [53, None], [52, None], [51, None], [62, None], [61, 'dst']]","[[34, 'src'], [33, 'vnf1'], [43, 'vnf2'], [43, 'vnf2'], [54, 'vnf1'], [54, 'vnf1'], [53, None], [52, None], [51, None], [62, None], [61, 'dst']]",0,106.70227940740706,5,10,8,129.70227940740705
66,True,False,4,5,"['2', '2', '2', '2', '2']","[[62, 'src'], [7, None], [8, None], [9, None], [10, None], [21, None], [32, 'vnf2'], [32, 'vnf2'], [32, 'vnf2'], [32, 'vnf2'], [32, 'vnf2'], [21, None], [10, None], [9, None], [8, None], [7, None], [6, None], [17, 'dst']]","[[62, 'src'], [7, None], [8, None], [9, None], [10, None], [21, None], [32, 'vnf2'], [32, 'vnf2'], [32, 'vnf2'], [32, 'vnf2'], [32, 'vnf2'], [21, None], [10, None], [9, None], [8, None], [7, None], [6, None], [17, 'dst']]",0,161.57560394915677,5,25,13,204.57560394915677
67,True,False,3,4,"['1', '2', '1', '2', '2']","[[54, ('src', 'vnf1')], [43, 'vnf2'], [54, 'vnf1'], [43, 'vnf2'], [43, 'vnf2'], [42, None], [41, None], [40, None], [51, None], [52, None], [63, 'dst']]","[[54, ('src', 'vnf1')], [43, 'vnf2'], [54, 'vnf1'], [43, 'vnf2'], [43, 'vnf2'], [42, None], [41, None], [40, None], [51, None], [52, None], [63, 'dst']]",0,90.65666756953863,5,25,9,129.65666756953863
68,True,False,3,14,"['1', '2', '1', '1', '1']","[[54, ('src', 'vnf1')], [43, 'vnf2'], [54, 'vnf1'], [54, 'vnf1'], [54, 'vnf1'], [53, None], [52, None], [51, None], [62, None], [61, None], [60, None], [59, None], [58, 'dst']]","[[54, ('src', 'vnf1')], [43, 'vnf2'], [54, 'vnf1'], [54, 'vnf1'], [54, 'vnf1'], [53, None], [52, None], [51, None], [62, None], [61, None], [60, None], [59, None], [58, 'dst']]",0,129.65521460065136,5,16,10,160.65521460065136
69,True,False,6,4,"['2', '2', '2', '2', '1']","[[27, 'src'], [28, None], [29, None], [30, None], [31, None], [32, 'vnf2'], [32, 'vnf2'], [32, 'vnf2'], [32, 'vnf2'], [21, None], [10, None], [9, None], [8, None], [7, 'vnf1'], [8, None], [9, None], [10, None], [65, 'dst']]","[[27, 'src'], [28, None], [29, None], [30, None], [31, None], [32, 'vnf2'], [32, 'vnf2'], [32, 'vnf2'], [32, 'vnf2'], [21, None], [10, None], [9, None], [8, None], [7, 'vnf1'], [8, None], [9, None], [10, None], [65, 'dst']]",0,161.12132885698455,5,29,14,209.12132885698455
70,True,False,12,3,"['2', '2', '1', '2', '1']","[[34, ('src', 'vnf2')], [34, 'vnf2'], [33, 'vnf1'], [43, 'vnf2'], [54, ('dst', 'vnf1')]]","[[34, ('src', 'vnf2')], [34, 'vnf2'], [33, 'vnf1'], [43, 'vnf2'], [54, ('dst', 'vnf1')]]",0,55.0638115148445,4,3,3,65.0638115148445
71,True,False,8,4,"['2', '2', '1', '2', '1']","[[49, ('src', 'vnf2')], [49, 'vnf2'], [50, None], [51, None], [52, None], [53, None], [54, 'vnf1'], [43, 'vnf2'], [54, 'vnf1'], [53, None], [52, None], [63, 'dst']]","[[49, ('src', 'vnf2')], [49, 'vnf2'], [50, None], [51, None], [52, None], [53, None], [54, 'vnf1'], [43, 'vnf2'], [54, 'vnf1'], [53, None], [52, None], [63, 'dst']]",0,111.66892194814206,5,18,10,144.66892194814204
72,True,False,6,7,"['2', '1', '1', '1', '1']","[[22, 'src'], [32, 'vnf2'], [21, None], [10, None], [9, None], [8, None], [7, 'vnf1'], [7, 'vnf1'], [7, 'vnf1'], [7, 'vnf1'], [6, None], [17, None], [28, None], [29, None], [30, None], [31, None], [32, None], [22, None], [33, 'dst']]","[[22, 'src'], [32, 'vnf2'], [21, None], [10, None], [9, None], [8, None], [7, 'vnf1'], [7, 'vnf1'], [7, 'vnf1'], [7, 'vnf1'], [6, None], [17, None], [28, None], [29, None], [30, None], [31, None], [32, None], [22, None], [33, 'dst']]",0,223.2031979622967,5,26,15,269.2031979622967
73,True,False,14,5,"['1', '2', '2', '2', '2']","[[57, ('src', 'vnf1')], [2, None], [3, 'vnf2'], [3, 'vnf2'], [3, 'vnf2'], [3, 'vnf2'], [4, None], [5, 'dst']]","[[57, ('src', 'vnf1')], [2, None], [3, 'vnf2'], [3, 'vnf2'], [3, 'vnf2'], [3, 'vnf2'], [4, None], [5, 'dst']]",0,32.45142730835383,5,0,4,41.45142730835383
74,True,False,8,14,"['2', '1', '1', '2', '2']","[[49, ('src', 'vnf2')], [50, None], [51, None], [52, None], [53, None], [54, 'vnf1'], [54, 'vnf1'], [43, 'vnf2'], [43, 'vnf2'], [33, None], [34, None], [35, None], [36, None], [37, None], [36, None], [35, None], [34, None], [45, None], [46, None], [57, 'dst']]","[[49, ('src', 'vnf2')], [50, None], [51, None], [52, None], [53, None], [54, 'vnf1'], [54, 'vnf1'], [43, 'vnf2'], [43, 'vnf2'], [33, None], [34, None], [35, None], [36, None], [37, None], [36, None], [35, None], [34, None], [45, None], [46, None], [57, 'dst']]",0,201.6798203229475,5,12,17,235.6798203229475
75,True,False,11,13,"['2', '1', '1', '2', '2']","[[23, ('src', 'vnf2')], [24, None], [25, None], [26, None], [27, 'vnf1'], [27, 'vnf1'], [28, None], [29, None], [30, None], [31, None], [32, 'vnf2'], [32, 'vnf2'], [22, None], [23, None], [24, None], [25, None], [36, None], [47, 'dst']]","[[23, ('src', 'vnf2')], [24, None], [25, None], [26, None], [27, 'vnf1'], [27, 'vnf1'], [28, None], [29, None], [30, None], [31, None], [32, 'vnf2'], [32, 'vnf2'], [22, None], [23, None], [24, None], [25, None], [36, None], [47, 'dst']]",0,162.5546521018997,5,5,15,187.5546521018997
76,True,False,6,14,"['1', '1', '1', '2', '2']","[[27, ('src', 'vnf1')], [27, 'vnf1'], [27, 'vnf1'], [28, None], [29, None], [30, None], [31, None], [32, 'vnf2'], [32, 'vnf2'], [21, None], [20, None], [21, None], [11, None], [12, None], [13, None], [2, None], [57, 'dst']]","[[27, ('src', 'vnf1')], [27, 'vnf1'], [27, 'vnf1'], [28, None], [29, None], [30, None], [31, None], [32, 'vnf2'], [32, 'vnf2'], [21, None], [20, None], [21, None], [11, None], [12, None], [13, None], [2, None], [57, 'dst']]",0,165.85087436589134,5,2,13,185.85087436589134
77,True,False,4,8,"['1', '2', '2', '2', '2']","[[62, ('src', 'vnf1')], [7, None], [8, None], [19, None], [20, None], [21, None], [32, 'vnf2'], [32, 'vnf2'], [32, 'vnf2'], [32, 'vnf2'], [31, None], [30, None], [29, None], [28, None], [29, None], [30, None], [31, None], [32, None], [22, None], [33, None], [43, None], [42, None], [41, None], [40, None], [39, None], [50, 'dst']]","[[62, ('src', 'vnf1')], [7, None], [8, None], [19, None], [20, None], [21, None], [32, 'vnf2'], [32, 'vnf2'], [32, 'vnf2'], [32, 'vnf2'], [31, None], [30, None], [29, None], [28, None], [29, None], [30, None], [31, None], [32, None], [22, None], [33, None], [43, None], [42, None], [41, None], [40, None], [39, None], [50, 'dst']]",0,263.2677920999803,5,20,22,310.2677920999803
78,True,False,2,9,"['2', '2', '2', '1', '1']","[[43, ('src', 'vnf2')], [43, 'vnf2'], [43, 'vnf2'], [54, 'vnf1'], [54, 'vnf1'], [53, None], [52, None], [51, None], [62, None], [61, None], [60, 'dst']]","[[43, ('src', 'vnf2')], [43, 'vnf2'], [43, 'vnf2'], [54, 'vnf1'], [54, 'vnf1'], [53, None], [52, None], [51, None], [62, None], [61, None], [60, 'dst']]",0,87.82460364331115,5,13,7,112.82460364331115
79,True,False,14,6,"['2', '2', '2', '1', '2']","[[59, 'src'], [4, None], [3, 'vnf2'], [3, 'vnf2'], [3, 'vnf2'], [4, None], [5, None], [6, None], [7, 'vnf1'], [8, None], [9, None], [10, None], [21, None], [32, 'vnf2'], [22, 'dst']]","[[59, 'src'], [4, None], [3, 'vnf2'], [3, 'vnf2'], [3, 'vnf2'], [4, None], [5, None], [6, None], [7, 'vnf1'], [8, None], [9, None], [10, None], [21, None], [32, 'vnf2'], [22, 'dst']]",0,158.02993423344643,5,15,12,190.02993423344643
80,True,False,12,9,"['2', '1', '2', '1', '2']","[[34, ('src', 'vnf2')], [33, 'vnf1'], [43, 'vnf2'], [54, 'vnf1'], [43, 'vnf2'], [33, None], [34, None], [35, None], [36, None], [37, None], [38, None], [49, None], [48, None], [47, None], [46, None], [45, None], [44, None], [55, 'dst']]","[[34, ('src', 'vnf2')], [33, 'vnf1'], [43, 'vnf2'], [54, 'vnf1'], [43, 'vnf2'], [33, None], [34, None], [35, None], [36, None], [37, None], [38, None], [49, None], [48, None], [47, None], [46, None], [45, None], [44, None], [55, 'dst']]",0,260.60909578409337,5,17,17,299.60909578409337
81,True,False,12,8,"['2', '1', '2', '1', '1']","[[34, ('src', 'vnf2')], [33, 'vnf1'], [43, 'vnf2'], [54, 'vnf1'], [54, 'vnf1'], [44, 'dst']]","[[34, ('src', 'vnf2')], [33, 'vnf1'], [43, 'vnf2'], [54, 'vnf1'], [54, 'vnf1'], [44, 'dst']]",0,74.71753485840222,5,9,4,92.71753485840222
82,True,False,1,14,"['1', '1', '1', '1', '2']","[[31, 'src'], [20, None], [9, None], [8, None], [7, 'vnf1'], [7, 'vnf1'], [7, 'vnf1'], [7, 'vnf1'], [8, None], [9, None], [10, None], [21, None], [32, 'vnf2'], [21, None], [20, None], [19, None], [18, None], [17, None], [16, None], [15, None], [4, None], [3, None], [2, None], [1, None], [56, 'dst']]","[[31, 'src'], [20, None], [9, None], [8, None], [7, 'vnf1'], [7, 'vnf1'], [7, 'vnf1'], [7, 'vnf1'], [8, None], [9, None], [10, None], [21, None], [32, 'vnf2'], [21, None], [20, None], [19, None], [18, None], [17, None], [16, None], [15, None], [4, None], [3, None], [2, None], [1, None], [56, 'dst']]",0,221.63252577733252,5,22,21,269.6325257773325
83,True,False,3,4,"['1', '1', '2', '1', '1']","[[54, ('src', 'vnf1')], [54, 'vnf1'], [43, 'vnf2'], [54, 'vnf1'], [54, 'vnf1'], [53, None], [64, 'dst']]","[[54, ('src', 'vnf1')], [54, 'vnf1'], [43, 'vnf2'], [54, 'vnf1'], [54, 'vnf1'], [53, None], [64, 'dst']]",0,48.52013926203479,5,19,4,76.52013926203479
84,True,False,1,2,"['1', '1', '1', '2', '2']","[[31, 'src'], [20, None], [9, None], [8, None], [7, 'vnf1'], [7, 'vnf1'], [7, 'vnf1'], [8, None], [9, None], [10, None], [21, None], [32, 'vnf2'], [32, 'vnf2'], [43, 'dst']]","[[31, 'src'], [20, None], [9, None], [8, None], [7, 'vnf1'], [7, 'vnf1'], [7, 'vnf1'], [8, None], [9, None], [10, None], [21, None], [32, 'vnf2'], [32, 'vnf2'], [43, 'dst']]",0,91.09826775684627,5,26,10,132.09826775684627
85,True,False,12,9,"['1', '1', '2', '1', '2']","[[36, 'src'], [35, None], [34, None], [33, 'vnf1'], [33, 'vnf1'], [43, 'vnf2'], [54, 'vnf1'], [43, 'vnf2'], [33, None], [43, None], [42, None], [41, None], [40, None], [39, None], [50, None], [61, 'dst']]","[[36, 'src'], [35, None], [34, None], [33, 'vnf1'], [33, 'vnf1'], [43, 'vnf2'], [54, 'vnf1'], [43, 'vnf2'], [33, None], [43, None], [42, None], [41, None], [40, None], [39, None], [50, None], [61, 'dst']]",0,212.58323007218118,5,16,14,247.58323007218118
86,True,False,8,9,"['2', '2', '2', '2', '2']","[[49, ('src', 'vnf2')], [49, 'vnf2'], [49, 'vnf2'], [49, 'vnf2'], [49, 'vnf2'], [48, None], [47, None], [46, None], [45, None], [44, None], [55, 'dst']]","[[49, ('src', 'vnf2')], [49, 'vnf2'], [49, 'vnf2'], [49, 'vnf2'], [49, 'vnf2'], [48, None], [47, None], [46, None], [45, None], [44, None], [55, 'dst']]",0,86.2165461683527,5,0,6,97.2165461683527
87,True,False,3,14,"['1', '2', '1', '2', '1']","[[54, ('src', 'vnf1')], [43, 'vnf2'], [54, 'vnf1'], [43, 'vnf2'], [54, 'vnf1'], [53, None], [52, None], [63, None], [64, None], [65, None], [55, None], [56, 'dst']]","[[54, ('src', 'vnf1')], [43, 'vnf2'], [54, 'vnf1'], [43, 'vnf2'], [54, 'vnf1'], [53, None], [52, None], [63, None], [64, None], [65, None], [55, None], [56, 'dst']]",0,135.98508123808497,5,23,11,174.98508123808497
88,True,False,4,3,"['1', '1', '1', '1', '2']","[[62, ('src', 'vnf1')], [62, 'vnf1'], [62, 'vnf1'], [62, 'vnf1'], [7, None], [8, None], [9, None], [10, None], [21, None], [32, 'vnf2'], [31, None], [42, None], [43, None], [54, 'dst']]","[[62, ('src', 'vnf1')], [62, 'vnf1'], [62, 'vnf1'], [62, 'vnf1'], [7, None], [8, None], [9, None], [10, None], [21, None], [32, 'vnf2'], [31, None], [42, None], [43, None], [54, 'dst']]",0,112.19454047965164,5,18,10,145.19454047965164
89,True,False,12,4,"['1', '2', '1', '2', '2']","[[35, 'src'], [34, None], [33, 'vnf1'], [43, 'vnf2'], [54, 'vnf1'], [43, 'vnf2'], [43, 'vnf2'], [42, None], [53, None], [52, None], [51, None], [62, 'dst']]","[[35, 'src'], [34, None], [33, 'vnf1'], [43, 'vnf2'], [54, 'vnf1'], [43, 'vnf2'], [43, 'vnf2'], [42, None], [53, None], [52, None], [51, None], [62, 'dst']]",0,122.11280400133897,5,22,10,159.112804001339
90,True,False,14,4,"['2', '2', '2', '1', '1']","[[56, 'src'], [1, None], [2, None], [3, 'vnf2'], [3, 'vnf2'], [3, 'vnf2'], [4, None], [5, None], [6, None], [7, 'vnf1'], [7, 'vnf1'], [8, None], [63, 'dst']]","[[56, 'src'], [1, None], [2, None], [3, 'vnf2'], [3, 'vnf2'], [3, 'vnf2'], [4, None], [5, None], [6, None], [7, 'vnf1'], [7, 'vnf1'], [8, None], [63, 'dst']]",0,105.35139500246011,5,21,9,140.3513950024601
91,True,False,14,9,"['2', '2', '2', '1', '2']","[[58, 'src'], [3, 'vnf2'], [3, 'vnf2'], [3, 'vnf2'], [4, None], [5, None], [6, None], [7, 'vnf1'], [8, None], [9, None], [10, None], [21, None], [32, 'vnf2'], [21, None], [10, None], [0, None], [10, None], [9, None], [8, None], [7, None], [6, None], [61, 'dst']]","[[58, 'src'], [3, 'vnf2'], [3, 'vnf2'], [3, 'vnf2'], [4, None], [5, None], [6, None], [7, 'vnf1'], [8, None], [9, None], [10, None], [21, None], [32, 'vnf2'], [21, None], [10, None], [0, None], [10, None], [9, None], [8, None], [7, None], [6, None], [61, 'dst']]",0,256.1928627588144,5,23,19,303.1928627588144
92,True,False,5,2,"['1', '1', '1', '1', '1']","[[11, 'src'], [0, None], [10, None], [9, None], [8, None], [7, 'vnf1'], [7, 'vnf1'], [7, 'vnf1'], [7, 'vnf1'], [7, 'vnf1'], [18, None], [29, None], [30, None], [31, None], [32, None], [43, 'dst']]","[[11, 'src'], [0, None], [10, None], [9, None], [8, None], [7, 'vnf1'], [7, 'vnf1'], [7, 'vnf1'], [7, 'vnf1'], [7, 'vnf1'], [18, None], [29, None], [30, None], [31, None], [32, None], [43, 'dst']]",0,127.83369272328419,5,26,11,169.83369272328417
93,True,False,14,4,"['2', '1', '1', '2', '2']","[[59, 'src'], [4, None], [3, 'vnf2'], [4, None], [5, None], [6, None], [7, 'vnf1'], [7, 'vnf1'], [8, None], [9, None], [10, None], [21, None], [32, 'vnf2'], [32, 'vnf2'], [21, None], [10, None], [9, None], [64, 'dst']]","[[59, 'src'], [4, None], [3, 'vnf2'], [4, None], [5, None], [6, None], [7, 'vnf1'], [7, 'vnf1'], [8, None], [9, None], [10, None], [21, None], [32, 'vnf2'], [32, 'vnf2'], [21, None], [10, None], [9, None], [64, 'dst']]",0,186.89635015192349,5,22,15,228.89635015192349
94,True,False,10,4,"['1', '1', '1', '1', '2']","[[13, 'src'], [2, None], [3, None], [4, None], [5, None], [6, None], [7, 'vnf1'], [7, 'vnf1'], [7, 'vnf1'], [7, 'vnf1'], [8, None], [9, None], [10, None], [21, None], [32, 'vnf2'], [21, None], [10, None], [9, None], [8, None], [7, None], [62, 'dst']]","[[13, 'src'], [2, None], [3, None], [4, None], [5, None], [6, None], [7, 'vnf1'], [7, 'vnf1'], [7, 'vnf1'], [7, 'vnf1'], [8, None], [9, None], [10, None], [21, None], [32, 'vnf2'], [21, None], [10, None], [9, None], [8, None], [7, None], [62, 'dst']]",0,192.90152997165356,5,23,17,237.90152997165356
95,True,False,9,8,"['2', '2', '1', '2', '2']","[[61, 'src'], [6, None], [7, None], [8, None], [9, None], [10, None], [0, 'vnf2'], [0, 'vnf2'], [10, None], [9, None], [8, None], [7, 'vnf1'], [8, None], [9, None], [10, None], [21, None], [32, 'vnf2'], [32, 'vnf2'], [22, None], [33, None], [44, 'dst']]","[[61, 'src'], [6, None], [7, None], [8, None], [9, None], [10, None], [0, 'vnf2'], [0, 'vnf2'], [10, None], [9, None], [8, None], [7, 'vnf1'], [8, None], [9, None], [10, None], [21, None], [32, 'vnf2'], [32, 'vnf2'], [22, None], [33, None], [44, 'dst']]",0,253.1579722410253,5,33,18,309.1579722410253
96,True,False,12,4,"['1', '1', '1', '1', '1']","[[34, 'src'], [33, 'vnf1'], [33, 'vnf1'], [33, 'vnf1'], [33, 'vnf1'], [33, 'vnf1'], [43, None], [42, None], [41, None], [42, None], [43, None], [54, None], [53, None], [52, None], [51, None], [62, 'dst']]","[[34, 'src'], [33, 'vnf1'], [33, 'vnf1'], [33, 'vnf1'], [33, 'vnf1'], [33, 'vnf1'], [43, None], [42, None], [41, None], [42, None], [43, None], [54, None], [53, None], [52, None], [51, None], [62, 'dst']]",0,122.61984606216126,5,10,11,148.61984606216126
97,True,False,8,4,"['1', '2', '2', '2', '2']","[[49, 'src'], [50, None], [51, None], [52, None], [53, None], [54, 'vnf1'], [43, 'vnf2'], [43, 'vnf2'], [43, 'vnf2'], [43, 'vnf2'], [42, None], [41, None], [52, None], [63, 'dst']]","[[49, 'src'], [50, None], [51, None], [52, None], [53, None], [54, 'vnf1'], [43, 'vnf2'], [43, 'vnf2'], [43, 'vnf2'], [43, 'vnf2'], [42, None], [41, None], [52, None], [63, 'dst']]",0,96.29391586533823,5,18,10,129.29391586533825
98,True,False,5,11,"['2', '2', '2', '1', '1']","[[0, ('src', 'vnf2')], [0, 'vnf2'], [0, 'vnf2'], [10, None], [9, None], [8, None], [7, 'vnf1'], [7, 'vnf1'], [8, None], [9, None], [20, None], [31, None], [32, None], [22, None], [23, None], [24, None], [25, 'dst']]","[[0, ('src', 'vnf2')], [0, 'vnf2'], [0, 'vnf2'], [10, None], [9, None], [8, None], [7, 'vnf1'], [7, 'vnf1'], [8, None], [9, None], [20, None], [31, None], [32, None], [22, None], [23, None], [24, None], [25, 'dst']]",0,133.0585698895951,5,25,13,176.0585698895951
99,True,False,14,8,"['1', '1', '1', '2', '2']","[[57, ('src', 'vnf1')], [57, 'vnf1'], [57, 'vnf1'], [2, None], [3, 'vnf2'], [3, 'vnf2'], [4, None], [5, None], [60, None], [49, None], [50, 'dst']]","[[57, ('src', 'vnf1')], [57, 'vnf1'], [57, 'vnf1'], [2, None], [3, 'vnf2'], [3, 'vnf2'], [4, None], [5, None], [60, None], [49, None], [50, 'dst']]",0,95.99174264912634,5,0,7,107.99174264912634
100,True,False,0,8,"['1', '2', '1', '1', '2']","[[7, ('src', 'vnf1')], [8, None], [9, None], [10, None], [21, None], [32, 'vnf2'], [21, None], [10, None], [9, None], [8, None], [7, 'vnf1'], [7, 'vnf1'], [8, None], [9, None], [10, None], [21, None], [32, 'vnf2'], [31, None], [30, None], [29, None], [28, None], [39, None], [38, None], [49, 'dst']]","[[7, ('src', 'vnf1')], [8, None], [9, None], [10, None], [21, None], [32, 'vnf2'], [21, None], [10, None], [9, None], [8, None], [7, 'vnf1'], [7, 'vnf1'], [8, None], [9, None], [10, None], [21, None], [32, 'vnf2'], [31, None], [30, None], [29, None], [28, None], [39, None], [38, None], [49, 'dst']]",0,276.85737229472613,5,35,22,338.85737229472613
101,True,False,6,8,"['1', '1', '1', '2', '2']","[[27, ('src', 'vnf1')], [27, 'vnf1'], [27, 'vnf1'], [28, None], [29, None], [30, None], [31, None], [32, 'vnf2'], [32, 'vnf2'], [22, None], [23, None], [24, None], [25, None], [26, None], [27, None], [38, None], [39, None], [50, 'dst']]","[[27, ('src', 'vnf1')], [27, 'vnf1'], [27, 'vnf1'], [28, None], [29, None], [30, None], [31, None], [32, 'vnf2'], [32, 'vnf2'], [22, None], [23, None], [24, None], [25, None], [26, None], [27, None], [38, None], [39, None], [50, 'dst']]",0,208.69684170525773,5,6,14,233.69684170525773
102,True,False,7,14,"['2', '1', '1', '1', '1']","[[33, 'src'], [43, 'vnf2'], [54, 'vnf1'], [54, 'vnf1'], [54, 'vnf1'], [54, 'vnf1'], [53, None], [64, None], [65, None], [55, None], [56, None], [57, None], [58, 'dst']]","[[33, 'src'], [43, 'vnf2'], [54, 'vnf1'], [54, 'vnf1'], [54, 'vnf1'], [54, 'vnf1'], [53, None], [64, None], [65, None], [55, None], [56, None], [57, None], [58, 'dst']]",0,121.99317105024181,5,9,9,144.9931710502418
103,True,False,3,4,"['1', '2', '2', '1', '1']","[[54, ('src', 'vnf1')], [43, 'vnf2'], [43, 'vnf2'], [54, 'vnf1'], [54, 'vnf1'], [53, None], [52, None], [63, 'dst']]","[[54, ('src', 'vnf1')], [43, 'vnf2'], [43, 'vnf2'], [54, 'vnf1'], [54, 'vnf1'], [53, None], [52, None], [63, 'dst']]",0,48.529496647947425,5,16,5,74.52949664794743
104,True,False,4,7,"['1', '2', '1', '2', '2']","[[62, ('src', 'vnf1')], [7, None], [8, None], [9, None], [10, None], [21, None], [32, 'vnf2'], [21, None], [10, None], [9, None], [8, None], [7, 'vnf1'], [8, None], [9, None], [10, None], [21, None], [32, 'vnf2'], [32, 'vnf2'], [31, None], [30, None], [29, None], [40, None], [41, None], [42, None], [43, None], [33, 'dst']]","[[62, ('src', 'vnf1')], [7, None], [8, None], [9, None], [10, None], [21, None], [32, 'vnf2'], [21, None], [10, None], [9, None], [8, None], [7, 'vnf1'], [8, None], [9, None], [10, None], [21, None], [32, 'vnf2'], [32, 'vnf2'], [31, None], [30, None], [29, None], [40, None], [41, None], [42, None], [43, None], [33, 'dst']]",0,258.8315620247138,5,32,24,319.8315620247138
105,True,False,4,7,"['1', '1', '2', '2', '2']","[[62, ('src', 'vnf1')], [62, 'vnf1'], [7, None], [8, None], [9, None], [10, None], [21, None], [32, 'vnf2'], [32, 'vnf2'], [32, 'vnf2'], [31, None], [30, None], [29, None], [40, None], [41, None], [42, None], [43, None], [33, 'dst']]","[[62, ('src', 'vnf1')], [62, 'vnf1'], [7, None], [8, None], [9, None], [10, None], [21, None], [32, 'vnf2'], [32, 'vnf2'], [32, 'vnf2'], [31, None], [30, None], [29, None], [40, None], [41, None], [42, None], [43, None], [33, 'dst']]",0,145.09329364019476,5,15,14,179.09329364019476
106,True,False,12,8,"['2', '2', '1', '1', '2']","[[34, ('src', 'vnf2')], [34, 'vnf2'], [33, 'vnf1'], [33, 'vnf1'], [43, 'vnf2'], [54, None], [53, None], [52, None], [51, None], [50, None], [49, 'dst']]","[[34, ('src', 'vnf2')], [34, 'vnf2'], [33, 'vnf1'], [33, 'vnf1'], [43, 'vnf2'], [54, None], [53, None], [52, None], [51, None], [50, None], [49, 'dst']]",0,118.20323681503912,5,12,8,143.20323681503913
107,True,False,12,14,"['1', '1', '2', '1', '1']","[[35, 'src'], [34, None], [33, 'vnf1'], [33, 'vnf1'], [43, 'vnf2'], [54, 'vnf1'], [54, 'vnf1'], [65, None], [55, None], [56, None], [57, None], [58, 'dst']]","[[35, 'src'], [34, None], [33, 'vnf1'], [33, 'vnf1'], [43, 'vnf2'], [54, 'vnf1'], [54, 'vnf1'], [65, None], [55, None], [56, None], [57, None], [58, 'dst']]",0,140.395849614952,5,10,9,164.395849614952
108,True,False,12,13,"['1', '1', '1', '2', '2']","[[36, 'src'], [35, None], [34, None], [33, 'vnf1'], [33, 'vnf1'], [33, 'vnf1'], [43, 'vnf2'], [43, 'vnf2'], [42, None], [41, None], [40, None], [51, None], [50, None], [49, None], [48, 'dst']]","[[36, 'src'], [35, None], [34, None], [33, 'vnf1'], [33, 'vnf1'], [33, 'vnf1'], [43, 'vnf2'], [43, 'vnf2'], [42, None], [41, None], [40, None], [51, None], [50, None], [49, None], [48, 'dst']]",0,145.36434359063526,5,7,11,168.36434359063526
109,True,False,7,4,"['1', '1', '1', '2', '2']","[[33, ('src', 'vnf1')], [33, 'vnf1'], [33, 'vnf1'], [43, 'vnf2'], [43, 'vnf2'], [42, None], [41, None], [40, None], [51, None], [62, 'dst']]","[[33, ('src', 'vnf1')], [33, 'vnf1'], [33, 'vnf1'], [43, 'vnf2'], [43, 'vnf2'], [42, None], [41, None], [40, None], [51, None], [62, 'dst']]",0,62.86775491113392,5,4,6,77.86775491113391
110,True,False,12,14,"['2', '2', '2', '1', '2']","[[34, ('src', 'vnf2')], [34, 'vnf2'], [34, 'vnf2'], [33, 'vnf1'], [43, 'vnf2'], [33, None], [34, None], [35, None], [34, None], [45, None], [46, None], [47, None], [48, None], [59, 'dst']]","[[34, ('src', 'vnf2')], [34, 'vnf2'], [34, 'vnf2'], [33, 'vnf1'], [43, 'vnf2'], [33, None], [34, None], [35, None], [34, None], [45, None], [46, None], [47, None], [48, None], [59, 'dst']]",0,155.92211292954664,5,5,11,176.92211292954664
111,True,False,1,4,"['2', '1', '2', '2', '2']","[[32, ('src', 'vnf2')], [21, None], [10, None], [9, None], [8, None], [7, 'vnf1'], [8, None], [9, None], [10, None], [21, None], [32, 'vnf2'], [32, 'vnf2'], [32, 'vnf2'], [21, None], [10, None], [9, None], [8, None], [7, None], [62, 'dst']]","[[32, ('src', 'vnf2')], [21, None], [10, None], [9, None], [8, None], [7, 'vnf1'], [8, None], [9, None], [10, None], [21, None], [32, 'vnf2'], [32, 'vnf2'], [32, 'vnf2'], [21, None], [10, None], [9, None], [8, None], [7, None], [62, 'dst']]",0,179.53621609216594,5,24,16,224.53621609216594
112,True,False,14,10,"['2', '1', '1', '1', '1']","[[56, 'src'], [1, None], [2, None], [3, 'vnf2'], [4, None], [5, None], [6, None], [7, 'vnf1'], [7, 'vnf1'], [7, 'vnf1'], [7, 'vnf1'], [8, None], [9, None], [10, None], [0, None], [1, None], [12, 'dst']]","[[56, 'src'], [1, None], [2, None], [3, 'vnf2'], [4, None], [5, None], [6, None], [7, 'vnf1'], [7, 'vnf1'], [7, 'vnf1'], [7, 'vnf1'], [8, None], [9, None], [10, None], [0, None], [1, None], [12, 'dst']]",0,176.66925601994333,5,25,13,219.66925601994333
113,True,False,9,13,"['1', '1', '2', '2', '2']","[[60, ('src', 'vnf1')], [60, 'vnf1'], [5, None], [4, None], [3, None], [2, None], [1, None], [0, 'vnf2'], [0, 'vnf2'], [0, 'vnf2'], [1, None], [2, None], [3, None], [4, None], [59, None], [48, None], [47, None], [46, None], [45, 'dst']]","[[60, ('src', 'vnf1')], [60, 'vnf1'], [5, None], [4, None], [3, None], [2, None], [1, None], [0, 'vnf2'], [0, 'vnf2'], [0, 'vnf2'], [1, None], [2, None], [3, None], [4, None], [59, None], [48, None], [47, None], [46, None], [45, 'dst']]",0,172.1428093775446,5,1,15,193.1428093775446
114,True,False,4,3,"['2', '2', '1', '1', '2']","[[64, 'src'], [9, None], [8, None], [19, None], [20, None], [21, None], [32, 'vnf2'], [32, 'vnf2'], [21, None], [10, None], [9, None], [8, None], [7, 'vnf1'], [7, 'vnf1'], [8, None], [9, None], [10, None], [21, None], [32, 'vnf2'], [31, None], [30, None], [41, None], [42, None], [53, 'dst']]","[[64, 'src'], [9, None], [8, None], [19, None], [20, None], [21, None], [32, 'vnf2'], [32, 'vnf2'], [21, None], [10, None], [9, None], [8, None], [7, 'vnf1'], [7, 'vnf1'], [8, None], [9, None], [10, None], [21, None], [32, 'vnf2'], [31, None], [30, None], [41, None], [42, None], [53, 'dst']]",0,176.2825295547119,5,26,21,228.2825295547119
115,True,False,6,12,"['2', '1', '2', '1', '2']","[[28, 'src'], [29, None], [30, None], [31, None], [32, 'vnf2'], [21, None], [10, None], [9, None], [8, None], [7, 'vnf1'], [8, None], [9, None], [10, None], [21, None], [32, 'vnf2'], [21, None], [10, None], [9, None], [8, None], [7, 'vnf1'], [8, None], [9, None], [10, None], [21, None], [32, 'vnf2'], [31, None], [42, None], [43, None], [33, None], [34, 'dst']]","[[28, 'src'], [29, None], [30, None], [31, None], [32, 'vnf2'], [21, None], [10, None], [9, None], [8, None], [7, 'vnf1'], [8, None], [9, None], [10, None], [21, None], [32, 'vnf2'], [21, None], [10, None], [9, None], [8, None], [7, 'vnf1'], [8, None], [9, None], [10, None], [21, None], [32, 'vnf2'], [31, None], [42, None], [43, None], [33, None], [34, 'dst']]",0,340.13386577760406,5,27,29,401.13386577760406
116,True,False,5,6,"['2', '1', '1', '1', '2']","[[0, ('src', 'vnf2')], [10, None], [9, None], [8, None], [7, 'vnf1'], [7, 'vnf1'], [7, 'vnf1'], [8, None], [9, None], [10, None], [21, None], [32, 'vnf2'], [31, None], [30, None], [29, None], [28, None], [27, 'dst']]","[[0, ('src', 'vnf2')], [10, None], [9, None], [8, None], [7, 'vnf1'], [7, 'vnf1'], [7, 'vnf1'], [8, None], [9, None], [10, None], [21, None], [32, 'vnf2'], [31, None], [30, None], [29, None], [28, None], [27, 'dst']]",0,165.0186873728132,5,28,14,212.0186873728132
117,True,False,7,8,"['2', '2', '1', '2', '2']","[[38, 'src'], [39, None], [40, None], [41, None], [42, None], [43, 'vnf2'], [43, 'vnf2'], [54, 'vnf1'], [43, 'vnf2'], [43, 'vnf2'], [42, None], [41, None], [40, None], [51, None], [50, 'dst']]","[[38, 'src'], [39, None], [40, None], [41, None], [42, None], [43, 'vnf2'], [43, 'vnf2'], [54, 'vnf1'], [43, 'vnf2'], [43, 'vnf2'], [42, None], [41, None], [40, None], [51, None], [50, 'dst']]",0,146.29062284821538,5,13,12,176.29062284821538
118,True,False,0,3,"['2', '1', '1', '2', '1']","[[7, 'src'], [8, None], [9, None], [10, None], [21, None], [32, 'vnf2'], [21, None], [10, None], [9, None], [8, None], [7, 'vnf1'], [7, 'vnf1'], [8, None], [9, None], [10, None], [21, None], [32, 'vnf2'], [21, None], [10, None], [9, None], [8, None], [7, 'vnf1'], [8, None], [9, None], [10, None], [65, None], [54, None], [53, None], [52, 'dst']]","[[7, 'src'], [8, None], [9, None], [10, None], [21, None], [32, 'vnf2'], [21, None], [10, None], [9, None], [8, None], [7, 'vnf1'], [7, 'vnf1'], [8, None], [9, None], [10, None], [21, None], [32, 'vnf2'], [21, None], [10, None], [9, None], [8, None], [7, 'vnf1'], [8, None], [9, None], [10, None], [65, None], [54, None], [53, None], [52, 'dst']]",0,300.9810792088615,5,30,27,362.9810792088615
119,True,False,14,10,"['1', '1', '2', '1', '1']","[[57, ('src', 'vnf1')], [57, 'vnf1'], [2, None], [3, 'vnf2'], [4, None], [5, None], [6, None], [7, 'vnf1'], [7, 'vnf1'], [6, None], [5, None], [4, None], [3, None], [2, None], [13, 'dst']]","[[57, ('src', 'vnf1')], [57, 'vnf1'], [2, None], [3, 'vnf2'], [4, None], [5, None], [6, None], [7, 'vnf1'], [7, 'vnf1'], [6, None], [5, None], [4, None], [3, None], [2, None], [13, 'dst']]",0,140.46889614349422,5,8,12,165.46889614349422
120,True,False,8,9,"['2', '1', '2', '2', '1']","[[49, ('src', 'vnf2')], [50, None], [51, None], [52, None], [53, None], [54, 'vnf1'], [43, 'vnf2'], [43, 'vnf2'], [54, 'vnf1'], [53, None], [52, None], [63, None], [62, None], [61, None], [60, 'dst']]","[[49, ('src', 'vnf2')], [50, None], [51, None], [52, None], [53, None], [54, 'vnf1'], [43, 'vnf2'], [43, 'vnf2'], [54, 'vnf1'], [53, None], [52, None], [63, None], [62, None], [61, None], [60, 'dst']]",0,158.17293900077271,5,13,13,189.17293900077271
121,True,False,14,10,"['1', '1', '2', '2', '2']","[[57, ('src', 'vnf1')], [57, 'vnf1'], [2, None], [3, 'vnf2'], [3, 'vnf2'], [3, ('dst', 'vnf2')]]","[[57, ('src', 'vnf1')], [57, 'vnf1'], [2, None], [3, 'vnf2'], [3, 'vnf2'], [3, ('dst', 'vnf2')]]",0,6.37718117874269,5,0,2,13.37718117874269
122,True,False,5,14,"['1', '2', '2', '2', '1']","[[11, 'src'], [0, None], [10, None], [9, None], [8, None], [7, 'vnf1'], [8, None], [9, None], [10, None], [21, None], [32, 'vnf2'], [32, 'vnf2'], [32, 'vnf2'], [21, None], [10, None], [9, None], [8, None], [7, 'vnf1'], [62, None], [61, None], [60, None], [59, None], [58, None], [57, 'dst']]","[[11, 'src'], [0, None], [10, None], [9, None], [8, None], [7, 'vnf1'], [8, None], [9, None], [10, None], [21, None], [32, 'vnf2'], [32, 'vnf2'], [32, 'vnf2'], [21, None], [10, None], [9, None], [8, None], [7, 'vnf1'], [62, None], [61, None], [60, None], [59, None], [58, None], [57, 'dst']]",0,258.3902350307548,5,20,21,304.3902350307548
